UserName,Password,AccountNumber,PolicyNumber,PolicyType,SequenceNumber
insured.owner@gmail.com,JH&9b23ffrvB,0305400,0305400 09-014386,09,1
insured.member@gmail.com,38xJ$kpDzTx6,0305400,0305400 09-014386,09,1
insured.owner@gmail.com,JH&9b23ffrvB,0000015,0000015 07-015613,07,1
insured.owner@gmail.com,JH&9b23ffrvB,0312155,0312155 25-010646,25,1
insured.owner@gmail.com,JH&9b23ffrvB,0312155,0312155 25-006005,25,1
insured.owner@gmail.com,JH&9b23ffrvB,0312037,0312037 09-001557,09,3
insured.owner@gmail.com,JH&9b23ffrvB,0312048,0312048 09-001893,09,3
insured.owner@gmail.com,JH&9b23ffrvB,0306920,0306920 25-016161,25,1
insured.owner@gmail.com,JH&9b23ffrvB,0306920,0306920 25-007004,25,1
insured.owner@gmail.com,JH&9b23ffrvB,0053955,0053955 07-014058,07,1
insured.owner@gmail.com,JH&9b23ffrvB,0053955,0053955 07-016328,07,1
